origin,dest,time
airport,hauz khaas,3 PM
airport,hauz khaas,6 PM
hauz khaas,dwarka sector 23,1 PM
airport,hauz khaas,1 AM
airport,dwarka sector 21,10 PM
airport,dwarka sector 21,12 PM
hauz khaas,dwarka sector 23,12 PM
dwarka sector 23,dwarka sector 21,4 PM
dwarka sector 21,airport,2 PM
dwarka sector 21,hauz khaas,1 PM
airport,hauz khaas,4 AM
hauz khaas,airport,11 PM
airport,hauz khaas,9 PM
dwarka sector 21,dwarka sector 23,1 PM
hauz khaas,dwarka sector 23,3 AM
hauz khaas,airport,1 PM
airport,dwarka sector 21,1 PM
hauz khaas,airport,9 AM
dwarka sector 23,hauz khaas,8 AM
dwarka sector 23,dwarka sector 21,4 PM
dwarka sector 21,dwarka sector 23,2 PM
hauz khaas,dwarka sector 21,9 PM
dwarka sector 23,hauz khaas,6 PM
hauz khaas,dwarka sector 23,4 AM
dwarka sector 23,hauz khaas,1 PM
hauz khaas,dwarka sector 21,9 PM
dwarka sector 23,airport,9 PM
hauz khaas,dwarka sector 23,11 AM
dwarka sector 23,dwarka sector 21,6 PM
airport,hauz khaas,5 PM
dwarka sector 21,airport,5 PM
hauz khaas,airport,11 AM
hauz khaas,airport,11 AM
dwarka sector 21,hauz khaas,9 AM
dwarka sector 21,airport,7 PM
dwarka sector 23,airport,1 AM
hauz khaas,dwarka sector 21,1 AM
hauz khaas,dwarka sector 21,1 PM
airport,dwarka sector 23,10 PM
hauz khaas,dwarka sector 23,9 AM
dwarka sector 23,dwarka sector 21,12 AM
airport,dwarka sector 21,1 PM
dwarka sector 23,hauz khaas,3 PM
hauz khaas,airport,7 AM
dwarka sector 21,hauz khaas,7 PM
airport,hauz khaas,2 PM
hauz khaas,dwarka sector 23,9 AM
airport,hauz khaas,5 PM
dwarka sector 21,hauz khaas,4 PM
dwarka sector 21,airport,7 PM
airport,dwarka sector 23,5 PM
hauz khaas,dwarka sector 21,7 PM
dwarka sector 23,dwarka sector 21,6 PM
dwarka sector 21,hauz khaas,6 AM
dwarka sector 23,dwarka sector 21,7 PM
hauz khaas,dwarka sector 21,12 AM
dwarka sector 21,airport,1 AM
dwarka sector 21,dwarka sector 23,8 PM
dwarka sector 23,airport,6 AM
dwarka sector 21,airport,1 PM
dwarka sector 21,hauz khaas,10 PM
dwarka sector 21,dwarka sector 23,8 AM
airport,dwarka sector 23,10 PM
hauz khaas,dwarka sector 21,2 PM
dwarka sector 21,dwarka sector 23,3 PM
dwarka sector 21,airport,11 PM
airport,dwarka sector 23,11 PM
hauz khaas,dwarka sector 21,8 AM
dwarka sector 21,airport,8 PM
dwarka sector 21,dwarka sector 23,3 AM
airport,hauz khaas,6 PM
airport,hauz khaas,5 PM
airport,dwarka sector 21,11 PM
dwarka sector 21,dwarka sector 23,7 PM
airport,dwarka sector 21,9 AM
airport,hauz khaas,3 PM
hauz khaas,airport,5 PM
dwarka sector 23,airport,9 PM
hauz khaas,dwarka sector 23,6 PM
dwarka sector 23,airport,4 PM
dwarka sector 21,dwarka sector 23,1 PM
dwarka sector 21,hauz khaas,9 AM
dwarka sector 21,airport,12 PM
dwarka sector 23,hauz khaas,5 PM
hauz khaas,airport,1 PM
dwarka sector 21,dwarka sector 23,12 PM
dwarka sector 23,airport,5 PM
dwarka sector 21,hauz khaas,6 PM
dwarka sector 23,airport,2 AM
dwarka sector 21,hauz khaas,11 AM
dwarka sector 21,dwarka sector 23,6 PM
airport,dwarka sector 23,4 AM
airport,hauz khaas,9 AM
airport,dwarka sector 21,12 PM
airport,dwarka sector 21,5 PM
dwarka sector 21,dwarka sector 23,11 PM
dwarka sector 21,dwarka sector 23,5 AM
hauz khaas,dwarka sector 21,5 PM
hauz khaas,dwarka sector 21,3 PM
dwarka sector 23,airport,8 PM
hauz khaas,dwarka sector 23,7 AM
dwarka sector 21,dwarka sector 23,11 AM
dwarka sector 21,hauz khaas,12 PM
dwarka sector 21,hauz khaas,1 PM
airport,dwarka sector 23,7 PM
hauz khaas,airport,4 PM
dwarka sector 21,dwarka sector 23,3 AM
hauz khaas,dwarka sector 23,2 PM
dwarka sector 23,hauz khaas,5 AM
hauz khaas,airport,3 AM
airport,hauz khaas,8 PM
hauz khaas,dwarka sector 21,11 PM
dwarka sector 21,dwarka sector 23,9 PM
dwarka sector 23,dwarka sector 21,6 AM
dwarka sector 21,dwarka sector 23,2 AM
dwarka sector 21,dwarka sector 23,12 PM
hauz khaas,dwarka sector 21,9 AM
hauz khaas,dwarka sector 21,11 PM
dwarka sector 21,dwarka sector 23,10 AM
dwarka sector 23,airport,6 PM
airport,dwarka sector 21,2 PM
hauz khaas,dwarka sector 21,11 PM
airport,dwarka sector 23,8 AM
hauz khaas,dwarka sector 21,3 PM
hauz khaas,dwarka sector 23,9 PM
dwarka sector 21,dwarka sector 23,1 AM
dwarka sector 21,airport,12 PM
hauz khaas,dwarka sector 21,2 AM
airport,hauz khaas,8 AM
airport,hauz khaas,6 PM
dwarka sector 23,airport,10 AM
airport,dwarka sector 23,7 AM
airport,hauz khaas,4 PM
airport,hauz khaas,8 AM
dwarka sector 21,dwarka sector 23,2 AM
dwarka sector 21,airport,12 AM
airport,dwarka sector 21,8 PM
hauz khaas,dwarka sector 21,7 AM
hauz khaas,dwarka sector 23,10 PM
airport,hauz khaas,11 AM
airport,dwarka sector 21,5 AM
dwarka sector 23,dwarka sector 21,2 PM
airport,dwarka sector 21,2 PM
airport,dwarka sector 21,7 AM
dwarka sector 23,dwarka sector 21,4 PM
hauz khaas,dwarka sector 23,11 PM
airport,hauz khaas,1 AM
airport,hauz khaas,12 PM
airport,dwarka sector 23,4 AM
hauz khaas,dwarka sector 21,11 PM
dwarka sector 21,dwarka sector 23,12 PM
dwarka sector 23,airport,7 PM
dwarka sector 23,dwarka sector 21,6 PM
dwarka sector 21,airport,7 PM
hauz khaas,airport,7 PM
hauz khaas,dwarka sector 23,7 PM
hauz khaas,airport,11 PM
dwarka sector 23,dwarka sector 21,3 AM
dwarka sector 21,hauz khaas,4 PM
dwarka sector 23,airport,11 AM
dwarka sector 21,dwarka sector 23,3 PM
dwarka sector 21,airport,2 AM
airport,hauz khaas,3 PM
dwarka sector 21,hauz khaas,11 AM
dwarka sector 23,airport,6 AM
hauz khaas,dwarka sector 21,8 AM
hauz khaas,dwarka sector 21,1 PM
dwarka sector 23,hauz khaas,9 PM
hauz khaas,airport,9 PM
dwarka sector 23,hauz khaas,8 AM
airport,hauz khaas,7 PM
dwarka sector 21,dwarka sector 23,6 PM
hauz khaas,dwarka sector 21,1 PM
airport,dwarka sector 21,3 AM
dwarka sector 21,dwarka sector 23,7 PM
hauz khaas,airport,1 PM
dwarka sector 23,airport,11 PM
dwarka sector 21,hauz khaas,8 AM
hauz khaas,dwarka sector 23,7 PM
dwarka sector 23,hauz khaas,6 AM
airport,dwarka sector 23,10 PM
dwarka sector 23,dwarka sector 21,2 PM
dwarka sector 21,dwarka sector 23,7 PM
dwarka sector 23,dwarka sector 21,3 PM
airport,dwarka sector 21,2 PM
airport,hauz khaas,8 PM
dwarka sector 23,hauz khaas,10 AM
airport,dwarka sector 21,2 PM
dwarka sector 21,hauz khaas,8 PM
hauz khaas,airport,4 PM
airport,dwarka sector 21,3 PM
dwarka sector 21,hauz khaas,1 AM
hauz khaas,dwarka sector 23,5 AM
dwarka sector 21,hauz khaas,6 AM
dwarka sector 21,dwarka sector 23,7 PM
dwarka sector 21,airport,10 PM
dwarka sector 21,dwarka sector 23,8 PM
dwarka sector 21,airport,1 PM
dwarka sector 23,hauz khaas,4 PM
dwarka sector 21,airport,3 PM
dwarka sector 21,dwarka sector 23,7 PM
hauz khaas,airport,1 PM
dwarka sector 21,airport,3 PM
airport,dwarka sector 21,5 PM
hauz khaas,airport,8 PM
airport,dwarka sector 21,6 PM
dwarka sector 21,airport,12 AM
dwarka sector 23,dwarka sector 21,9 PM
airport,hauz khaas,9 PM
airport,hauz khaas,3 AM
dwarka sector 21,dwarka sector 23,11 PM
dwarka sector 21,hauz khaas,9 AM
dwarka sector 23,airport,9 PM
dwarka sector 21,hauz khaas,10 PM
dwarka sector 21,dwarka sector 23,1 PM
dwarka sector 23,dwarka sector 21,5 AM
dwarka sector 21,hauz khaas,4 AM
airport,hauz khaas,9 AM
dwarka sector 21,dwarka sector 23,11 PM
dwarka sector 21,dwarka sector 23,5 PM
airport,hauz khaas,12 AM
dwarka sector 23,airport,2 PM
dwarka sector 21,hauz khaas,5 PM
dwarka sector 21,hauz khaas,3 PM
dwarka sector 23,dwarka sector 21,4 PM
airport,dwarka sector 23,6 PM
airport,dwarka sector 21,11 PM
hauz khaas,dwarka sector 21,3 PM
dwarka sector 23,dwarka sector 21,8 PM
hauz khaas,dwarka sector 21,10 PM
dwarka sector 21,dwarka sector 23,11 PM
dwarka sector 23,airport,12 PM
dwarka sector 21,dwarka sector 23,3 PM
hauz khaas,dwarka sector 23,2 PM
dwarka sector 23,hauz khaas,8 AM
airport,hauz khaas,11 PM
dwarka sector 21,hauz khaas,9 AM
dwarka sector 21,hauz khaas,6 PM
dwarka sector 21,airport,3 AM
dwarka sector 23,airport,4 PM
dwarka sector 23,airport,10 AM
airport,dwarka sector 23,1 AM
airport,hauz khaas,9 PM
hauz khaas,airport,1 AM
airport,dwarka sector 23,5 AM
dwarka sector 21,dwarka sector 23,2 PM
dwarka sector 23,dwarka sector 21,12 AM
dwarka sector 21,dwarka sector 23,12 AM
dwarka sector 23,dwarka sector 21,8 AM
dwarka sector 21,dwarka sector 23,3 PM
dwarka sector 23,airport,6 PM
dwarka sector 23,airport,10 PM
dwarka sector 21,dwarka sector 23,9 AM
airport,dwarka sector 23,6 PM
airport,hauz khaas,8 AM
hauz khaas,airport,4 PM
hauz khaas,dwarka sector 23,6 PM
dwarka sector 21,hauz khaas,3 PM
dwarka sector 23,dwarka sector 21,11 AM
dwarka sector 21,hauz khaas,11 PM
dwarka sector 23,airport,9 PM
airport,dwarka sector 23,4 AM
dwarka sector 23,hauz khaas,10 PM
airport,dwarka sector 23,4 PM
airport,dwarka sector 23,10 PM
dwarka sector 23,hauz khaas,6 PM
dwarka sector 21,airport,9 PM
hauz khaas,dwarka sector 21,12 AM
dwarka sector 21,airport,2 AM
dwarka sector 21,dwarka sector 23,1 PM
dwarka sector 23,hauz khaas,6 PM
dwarka sector 23,hauz khaas,11 AM
dwarka sector 21,hauz khaas,10 AM
hauz khaas,dwarka sector 21,7 PM
dwarka sector 21,hauz khaas,4 PM
dwarka sector 23,airport,5 PM
airport,hauz khaas,3 PM
hauz khaas,airport,10 AM
dwarka sector 23,hauz khaas,6 PM
airport,hauz khaas,4 PM
dwarka sector 21,hauz khaas,12 PM
airport,dwarka sector 23,2 AM
dwarka sector 23,hauz khaas,6 AM
dwarka sector 21,hauz khaas,2 PM
dwarka sector 23,hauz khaas,3 AM
dwarka sector 23,hauz khaas,11 PM
dwarka sector 23,airport,12 PM
airport,dwarka sector 23,2 PM
airport,dwarka sector 23,12 AM
dwarka sector 23,dwarka sector 21,9 PM
dwarka sector 23,airport,1 PM
airport,dwarka sector 23,8 AM
dwarka sector 21,dwarka sector 23,11 AM
dwarka sector 23,dwarka sector 21,12 PM
dwarka sector 23,airport,6 PM
airport,dwarka sector 23,9 PM
dwarka sector 23,airport,11 PM
airport,hauz khaas,1 PM
hauz khaas,dwarka sector 21,8 PM
hauz khaas,dwarka sector 23,4 PM
airport,hauz khaas,7 PM
dwarka sector 23,dwarka sector 21,4 PM
dwarka sector 23,dwarka sector 21,7 AM
airport,dwarka sector 21,11 PM
dwarka sector 21,dwarka sector 23,6 AM
dwarka sector 23,airport,12 PM
hauz khaas,dwarka sector 23,12 PM
hauz khaas,dwarka sector 23,9 AM
airport,hauz khaas,1 PM
dwarka sector 21,airport,5 AM
dwarka sector 21,hauz khaas,6 PM
hauz khaas,dwarka sector 23,8 AM
hauz khaas,dwarka sector 21,10 PM
airport,hauz khaas,5 PM
hauz khaas,dwarka sector 23,7 PM
dwarka sector 21,dwarka sector 23,12 PM
dwarka sector 21,airport,7 PM
dwarka sector 21,hauz khaas,5 PM
airport,hauz khaas,8 PM
airport,dwarka sector 21,9 PM
hauz khaas,dwarka sector 23,5 PM
airport,hauz khaas,7 PM
dwarka sector 21,hauz khaas,6 PM
hauz khaas,dwarka sector 23,2 PM
dwarka sector 21,dwarka sector 23,5 PM
dwarka sector 23,hauz khaas,5 AM
dwarka sector 23,hauz khaas,2 AM
airport,dwarka sector 23,8 PM
airport,dwarka sector 23,12 PM
dwarka sector 21,hauz khaas,11 PM
dwarka sector 21,airport,12 PM
hauz khaas,airport,3 PM
hauz khaas,airport,7 AM
dwarka sector 21,airport,7 PM
dwarka sector 23,hauz khaas,8 PM
dwarka sector 23,hauz khaas,4 AM
airport,dwarka sector 21,10 PM
airport,dwarka sector 23,12 AM
dwarka sector 23,dwarka sector 21,4 PM
dwarka sector 23,dwarka sector 21,11 PM
hauz khaas,dwarka sector 21,11 AM
dwarka sector 23,dwarka sector 21,5 AM
dwarka sector 21,airport,12 AM
dwarka sector 21,dwarka sector 23,12 AM
dwarka sector 23,hauz khaas,4 PM
hauz khaas,dwarka sector 21,5 PM
hauz khaas,dwarka sector 23,2 PM
hauz khaas,airport,6 AM
airport,dwarka sector 23,3 PM
airport,dwarka sector 21,3 PM
dwarka sector 21,hauz khaas,6 AM
dwarka sector 21,hauz khaas,11 PM
airport,dwarka sector 23,3 AM
dwarka sector 21,airport,2 AM
airport,dwarka sector 23,3 PM
dwarka sector 23,airport,10 AM
dwarka sector 21,hauz khaas,2 PM
hauz khaas,dwarka sector 23,9 PM
airport,hauz khaas,7 PM
airport,dwarka sector 23,7 AM
dwarka sector 21,airport,9 PM
dwarka sector 21,hauz khaas,8 AM
dwarka sector 23,dwarka sector 21,6 PM
hauz khaas,airport,10 PM
dwarka sector 23,hauz khaas,8 PM
airport,dwarka sector 23,12 AM
hauz khaas,dwarka sector 23,8 PM
dwarka sector 21,dwarka sector 23,4 AM
dwarka sector 21,hauz khaas,11 PM
dwarka sector 23,hauz khaas,1 PM
hauz khaas,airport,3 PM
dwarka sector 21,airport,2 AM
hauz khaas,dwarka sector 21,9 PM
hauz khaas,airport,1 PM
hauz khaas,airport,6 PM
airport,dwarka sector 23,12 PM
airport,dwarka sector 21,11 PM
dwarka sector 21,dwarka sector 23,12 PM
hauz khaas,dwarka sector 21,8 PM
hauz khaas,dwarka sector 21,8 PM
hauz khaas,dwarka sector 21,7 PM
dwarka sector 23,dwarka sector 21,11 PM
dwarka sector 21,airport,10 PM
hauz khaas,dwarka sector 21,1 AM
dwarka sector 23,airport,6 PM
dwarka sector 23,airport,9 AM
airport,dwarka sector 23,5 AM
airport,hauz khaas,9 PM
dwarka sector 23,hauz khaas,8 AM
dwarka sector 21,dwarka sector 23,3 PM
airport,dwarka sector 23,12 AM
hauz khaas,airport,11 AM
dwarka sector 23,airport,10 AM
dwarka sector 21,hauz khaas,11 AM
dwarka sector 21,airport,5 PM
airport,dwarka sector 23,1 PM
airport,dwarka sector 21,8 PM
airport,dwarka sector 21,4 AM
hauz khaas,airport,2 PM
airport,dwarka sector 23,10 PM
dwarka sector 21,dwarka sector 23,5 AM
hauz khaas,airport,3 PM
airport,hauz khaas,10 AM
dwarka sector 21,airport,11 PM
dwarka sector 21,airport,10 PM
dwarka sector 21,airport,11 PM
dwarka sector 23,hauz khaas,8 PM
dwarka sector 23,hauz khaas,10 PM
hauz khaas,dwarka sector 21,12 AM
airport,dwarka sector 21,8 AM
airport,dwarka sector 23,4 PM
airport,hauz khaas,4 PM
airport,dwarka sector 21,8 PM
dwarka sector 21,dwarka sector 23,10 AM
dwarka sector 23,dwarka sector 21,10 PM
dwarka sector 23,dwarka sector 21,3 PM
airport,dwarka sector 21,1 PM
airport,dwarka sector 23,2 PM
dwarka sector 23,dwarka sector 21,12 PM
dwarka sector 23,hauz khaas,5 AM
hauz khaas,dwarka sector 23,5 PM
dwarka sector 23,hauz khaas,12 PM
airport,dwarka sector 23,6 AM
airport,dwarka sector 23,6 AM
airport,dwarka sector 23,4 PM
airport,dwarka sector 21,2 PM
dwarka sector 23,airport,10 PM
airport,dwarka sector 21,6 PM
dwarka sector 23,airport,11 AM
dwarka sector 21,dwarka sector 23,8 PM
hauz khaas,dwarka sector 21,7 PM
dwarka sector 23,hauz khaas,2 PM
dwarka sector 23,hauz khaas,4 PM
dwarka sector 21,airport,4 AM
dwarka sector 23,hauz khaas,8 PM
airport,dwarka sector 23,8 PM
dwarka sector 21,dwarka sector 23,4 PM
dwarka sector 21,airport,8 PM
dwarka sector 23,hauz khaas,12 PM
airport,hauz khaas,9 PM
dwarka sector 21,dwarka sector 23,7 PM
airport,dwarka sector 21,6 PM
dwarka sector 21,airport,8 PM
dwarka sector 21,hauz khaas,8 AM
dwarka sector 23,airport,5 PM
airport,dwarka sector 23,10 PM
hauz khaas,dwarka sector 23,4 PM
dwarka sector 21,airport,1 PM
airport,dwarka sector 21,4 PM
dwarka sector 21,airport,7 PM
airport,dwarka sector 23,10 AM
dwarka sector 23,dwarka sector 21,8 PM
dwarka sector 23,airport,11 PM
hauz khaas,dwarka sector 21,5 AM
dwarka sector 21,dwarka sector 23,9 PM
hauz khaas,dwarka sector 23,8 PM
dwarka sector 23,airport,10 AM
dwarka sector 23,airport,9 PM
airport,dwarka sector 23,1 AM
dwarka sector 23,airport,3 PM
dwarka sector 23,airport,6 PM
airport,hauz khaas,12 AM
dwarka sector 21,airport,6 AM
airport,hauz khaas,3 PM
airport,dwarka sector 23,1 PM
airport,hauz khaas,11 PM
hauz khaas,dwarka sector 21,5 AM
dwarka sector 23,airport,4 PM
dwarka sector 21,dwarka sector 23,1 AM
dwarka sector 21,dwarka sector 23,11 PM
dwarka sector 21,dwarka sector 23,5 PM
hauz khaas,dwarka sector 21,7 PM
airport,hauz khaas,2 PM
dwarka sector 23,hauz khaas,6 PM
hauz khaas,dwarka sector 23,11 PM
hauz khaas,dwarka sector 21,2 AM
dwarka sector 21,hauz khaas,12 PM
hauz khaas,dwarka sector 21,1 PM
hauz khaas,dwarka sector 23,4 PM
airport,hauz khaas,2 PM
hauz khaas,airport,1 AM
airport,dwarka sector 21,9 PM
dwarka sector 23,airport,2 PM
hauz khaas,dwarka sector 21,7 PM
dwarka sector 21,hauz khaas,7 PM
dwarka sector 23,dwarka sector 21,11 PM
dwarka sector 21,dwarka sector 23,9 PM
dwarka sector 21,airport,11 PM
dwarka sector 21,airport,5 PM
hauz khaas,airport,7 AM
dwarka sector 23,airport,1 PM
hauz khaas,dwarka sector 23,1 AM
hauz khaas,dwarka sector 21,1 PM
airport,hauz khaas,1 AM
airport,dwarka sector 21,7 AM
dwarka sector 23,hauz khaas,6 AM
airport,dwarka sector 21,9 PM
dwarka sector 21,dwarka sector 23,5 PM
dwarka sector 23,dwarka sector 21,8 AM
dwarka sector 23,hauz khaas,2 PM
dwarka sector 23,dwarka sector 21,9 PM
dwarka sector 23,hauz khaas,1 AM
hauz khaas,airport,12 PM
dwarka sector 21,dwarka sector 23,6 PM
dwarka sector 23,dwarka sector 21,2 PM
dwarka sector 21,airport,10 AM
dwarka sector 21,dwarka sector 23,8 PM
dwarka sector 21,airport,4 PM
dwarka sector 21,dwarka sector 23,6 PM
dwarka sector 23,hauz khaas,2 AM
airport,dwarka sector 21,3 AM
airport,hauz khaas,12 PM
hauz khaas,airport,7 AM
dwarka sector 23,hauz khaas,2 PM
dwarka sector 23,hauz khaas,9 PM
airport,dwarka sector 23,7 PM
dwarka sector 21,hauz khaas,6 PM
airport,dwarka sector 23,12 PM
airport,dwarka sector 21,7 PM
dwarka sector 23,dwarka sector 21,3 AM
dwarka sector 21,dwarka sector 23,11 AM
dwarka sector 23,hauz khaas,12 PM
hauz khaas,dwarka sector 21,9 PM
dwarka sector 23,dwarka sector 21,11 AM
dwarka sector 23,airport,6 PM
airport,dwarka sector 21,2 PM
airport,dwarka sector 21,2 PM
dwarka sector 21,airport,3 AM
dwarka sector 21,dwarka sector 23,6 PM
dwarka sector 23,dwarka sector 21,6 PM
hauz khaas,dwarka sector 23,5 PM
dwarka sector 21,dwarka sector 23,9 AM
hauz khaas,airport,3 AM
hauz khaas,dwarka sector 21,10 PM
hauz khaas,dwarka sector 23,2 PM
dwarka sector 23,dwarka sector 21,4 PM
airport,hauz khaas,10 PM
dwarka sector 23,airport,7 PM
airport,dwarka sector 23,2 AM
dwarka sector 21,dwarka sector 23,12 PM
dwarka sector 21,airport,7 PM
hauz khaas,airport,7 PM
airport,dwarka sector 21,5 PM
dwarka sector 21,airport,2 PM
hauz khaas,dwarka sector 21,12 AM
hauz khaas,dwarka sector 21,12 AM
hauz khaas,dwarka sector 21,10 AM
hauz khaas,airport,5 PM
hauz khaas,dwarka sector 23,1 AM
dwarka sector 23,dwarka sector 21,1 AM
hauz khaas,dwarka sector 23,5 PM
dwarka sector 21,dwarka sector 23,2 PM
hauz khaas,dwarka sector 21,10 PM
hauz khaas,dwarka sector 23,12 AM
airport,dwarka sector 23,2 PM
dwarka sector 23,airport,11 AM
airport,hauz khaas,6 AM
airport,dwarka sector 21,8 PM
airport,hauz khaas,5 PM
dwarka sector 21,airport,9 PM
dwarka sector 23,airport,7 PM
dwarka sector 21,hauz khaas,10 PM
dwarka sector 23,airport,10 PM
dwarka sector 21,dwarka sector 23,4 PM
dwarka sector 23,airport,6 AM
dwarka sector 23,airport,1 AM
dwarka sector 23,airport,1 PM
airport,hauz khaas,12 AM
hauz khaas,airport,10 PM
airport,dwarka sector 23,7 AM
airport,hauz khaas,7 PM
hauz khaas,airport,11 PM
dwarka sector 21,hauz khaas,4 AM
hauz khaas,airport,2 PM
dwarka sector 23,dwarka sector 21,4 PM
hauz khaas,dwarka sector 21,4 AM
dwarka sector 23,airport,8 AM
dwarka sector 23,hauz khaas,4 PM
dwarka sector 21,dwarka sector 23,12 PM
dwarka sector 23,airport,9 PM
hauz khaas,dwarka sector 23,4 PM
hauz khaas,dwarka sector 21,7 AM
dwarka sector 21,airport,8 PM
dwarka sector 23,airport,10 AM
dwarka sector 21,airport,7 PM
hauz khaas,airport,4 PM
hauz khaas,airport,1 PM
dwarka sector 23,dwarka sector 21,10 PM
hauz khaas,airport,2 PM
dwarka sector 21,hauz khaas,6 PM
dwarka sector 23,airport,4 PM
dwarka sector 21,hauz khaas,9 PM
dwarka sector 21,airport,12 PM
dwarka sector 23,airport,5 PM
dwarka sector 21,airport,7 PM
airport,hauz khaas,5 AM
dwarka sector 21,hauz khaas,12 PM
dwarka sector 23,dwarka sector 21,4 AM
hauz khaas,airport,2 PM
airport,dwarka sector 21,7 AM
airport,dwarka sector 23,8 PM
dwarka sector 23,dwarka sector 21,9 AM
hauz khaas,dwarka sector 23,5 AM
hauz khaas,dwarka sector 21,1 AM
hauz khaas,airport,8 AM
hauz khaas,airport,10 PM
dwarka sector 21,airport,4 AM
hauz khaas,dwarka sector 21,6 AM
dwarka sector 23,dwarka sector 21,3 PM
airport,hauz khaas,5 AM
dwarka sector 23,dwarka sector 21,6 PM
airport,dwarka sector 23,5 PM
hauz khaas,dwarka sector 23,1 PM
hauz khaas,airport,1 AM
airport,hauz khaas,12 PM
dwarka sector 21,airport,3 AM
airport,dwarka sector 23,11 AM
dwarka sector 21,dwarka sector 23,1 PM
dwarka sector 21,hauz khaas,1 PM
dwarka sector 23,dwarka sector 21,9 AM
airport,hauz khaas,7 PM
dwarka sector 23,dwarka sector 21,8 AM
dwarka sector 23,dwarka sector 21,9 PM
dwarka sector 23,airport,4 AM
dwarka sector 23,dwarka sector 21,4 PM
airport,dwarka sector 23,4 PM
airport,hauz khaas,11 PM
dwarka sector 23,hauz khaas,9 AM
dwarka sector 23,airport,11 PM
dwarka sector 23,dwarka sector 21,1 AM
dwarka sector 23,hauz khaas,7 PM
airport,dwarka sector 21,1 AM
hauz khaas,dwarka sector 21,11 PM
hauz khaas,airport,5 AM
hauz khaas,dwarka sector 21,5 PM
dwarka sector 23,airport,1 PM
airport,dwarka sector 21,6 PM
airport,dwarka sector 23,10 PM
dwarka sector 21,dwarka sector 23,1 PM
dwarka sector 21,airport,9 PM
dwarka sector 21,hauz khaas,4 AM
dwarka sector 23,hauz khaas,2 PM
hauz khaas,dwarka sector 23,11 PM
airport,dwarka sector 21,4 PM
airport,dwarka sector 21,3 PM
hauz khaas,airport,12 PM
hauz khaas,dwarka sector 23,9 PM
hauz khaas,dwarka sector 21,9 PM
dwarka sector 23,airport,12 PM
dwarka sector 21,hauz khaas,10 PM
dwarka sector 23,airport,4 PM
hauz khaas,dwarka sector 23,7 PM
dwarka sector 21,airport,6 AM
airport,dwarka sector 21,7 PM
hauz khaas,airport,1 AM
hauz khaas,dwarka sector 21,11 PM
airport,dwarka sector 21,5 AM
dwarka sector 23,dwarka sector 21,3 AM
airport,hauz khaas,3 PM
airport,dwarka sector 23,3 PM
hauz khaas,dwarka sector 23,1 AM
hauz khaas,dwarka sector 21,3 PM
airport,hauz khaas,9 AM
dwarka sector 23,airport,12 PM
airport,dwarka sector 21,12 PM
hauz khaas,dwarka sector 21,4 AM
dwarka sector 23,dwarka sector 21,8 PM
hauz khaas,airport,5 PM
airport,dwarka sector 21,9 PM
dwarka sector 23,airport,10 PM
hauz khaas,dwarka sector 21,8 PM
airport,hauz khaas,10 PM
hauz khaas,dwarka sector 21,10 PM
hauz khaas,dwarka sector 21,9 AM
dwarka sector 23,dwarka sector 21,1 AM
dwarka sector 21,airport,1 AM
hauz khaas,dwarka sector 23,1 PM
airport,dwarka sector 21,12 PM
airport,dwarka sector 23,3 AM
hauz khaas,dwarka sector 23,8 AM
dwarka sector 21,airport,5 PM
airport,hauz khaas,9 AM
airport,dwarka sector 23,12 PM
dwarka sector 23,dwarka sector 21,3 AM
dwarka sector 23,hauz khaas,8 PM
dwarka sector 23,airport,9 PM
dwarka sector 23,dwarka sector 21,2 PM
airport,dwarka sector 23,9 PM
dwarka sector 23,dwarka sector 21,1 PM
dwarka sector 21,hauz khaas,8 PM
dwarka sector 21,airport,3 PM
dwarka sector 23,hauz khaas,9 PM
airport,hauz khaas,3 AM
airport,dwarka sector 21,9 AM
dwarka sector 21,hauz khaas,4 AM
dwarka sector 21,hauz khaas,11 AM
hauz khaas,dwarka sector 21,12 PM
dwarka sector 21,dwarka sector 23,3 PM
airport,dwarka sector 23,3 PM
dwarka sector 23,hauz khaas,10 PM
dwarka sector 23,hauz khaas,9 AM
dwarka sector 21,airport,2 PM
hauz khaas,dwarka sector 23,4 PM
dwarka sector 21,airport,10 AM
airport,dwarka sector 21,9 PM
airport,hauz khaas,9 AM
airport,dwarka sector 21,8 PM
hauz khaas,dwarka sector 21,1 PM
airport,dwarka sector 23,12 PM
hauz khaas,airport,11 PM
dwarka sector 23,hauz khaas,2 AM
dwarka sector 21,airport,9 PM
dwarka sector 21,hauz khaas,11 PM
hauz khaas,dwarka sector 23,11 PM
dwarka sector 21,airport,2 PM
hauz khaas,dwarka sector 23,7 PM
dwarka sector 21,dwarka sector 23,4 AM
dwarka sector 21,airport,9 PM
hauz khaas,dwarka sector 23,10 PM
hauz khaas,dwarka sector 21,4 AM
dwarka sector 23,airport,11 PM
dwarka sector 23,hauz khaas,8 PM
dwarka sector 23,dwarka sector 21,11 PM
dwarka sector 23,hauz khaas,5 PM
airport,dwarka sector 23,9 AM
airport,hauz khaas,3 PM
dwarka sector 21,dwarka sector 23,6 PM
hauz khaas,airport,7 PM
dwarka sector 23,hauz khaas,12 PM
dwarka sector 21,hauz khaas,1 AM
hauz khaas,dwarka sector 23,11 AM
airport,hauz khaas,10 PM
dwarka sector 23,hauz khaas,9 AM
hauz khaas,dwarka sector 23,8 PM
dwarka sector 23,hauz khaas,1 PM
airport,dwarka sector 21,2 AM
dwarka sector 23,dwarka sector 21,12 PM
dwarka sector 21,dwarka sector 23,4 PM
dwarka sector 23,airport,2 PM
hauz khaas,dwarka sector 21,6 PM
dwarka sector 23,hauz khaas,1 PM
airport,hauz khaas,3 AM
hauz khaas,dwarka sector 21,11 AM
dwarka sector 23,hauz khaas,7 PM
airport,dwarka sector 21,2 PM
hauz khaas,dwarka sector 21,3 PM
hauz khaas,dwarka sector 23,2 PM
airport,dwarka sector 21,5 PM
hauz khaas,dwarka sector 21,8 AM
dwarka sector 23,dwarka sector 21,6 AM
dwarka sector 23,airport,5 PM
dwarka sector 23,hauz khaas,3 PM
airport,dwarka sector 23,3 PM
dwarka sector 23,dwarka sector 21,11 PM
dwarka sector 23,dwarka sector 21,2 PM
dwarka sector 23,hauz khaas,3 PM
airport,hauz khaas,10 AM
hauz khaas,dwarka sector 21,12 PM
hauz khaas,dwarka sector 23,9 PM
dwarka sector 23,airport,8 PM
airport,hauz khaas,2 AM
hauz khaas,airport,12 PM
airport,dwarka sector 23,12 PM
dwarka sector 23,dwarka sector 21,10 PM
airport,dwarka sector 21,10 AM
airport,dwarka sector 21,12 PM
dwarka sector 21,hauz khaas,4 PM
hauz khaas,airport,7 AM
airport,hauz khaas,9 PM
dwarka sector 21,hauz khaas,3 PM
dwarka sector 23,dwarka sector 21,5 PM
airport,dwarka sector 23,1 PM
dwarka sector 21,hauz khaas,12 PM
dwarka sector 23,airport,5 AM
dwarka sector 23,dwarka sector 21,1 PM
hauz khaas,airport,8 AM
dwarka sector 23,airport,9 AM
dwarka sector 23,airport,2 PM
hauz khaas,dwarka sector 23,6 PM
dwarka sector 21,dwarka sector 23,6 PM
dwarka sector 21,hauz khaas,8 AM
hauz khaas,dwarka sector 21,1 PM
dwarka sector 23,hauz khaas,11 PM
hauz khaas,dwarka sector 23,8 PM
dwarka sector 23,dwarka sector 21,9 PM
dwarka sector 21,dwarka sector 23,5 PM
dwarka sector 21,hauz khaas,5 PM
dwarka sector 23,hauz khaas,3 AM
hauz khaas,airport,1 AM
dwarka sector 21,airport,5 PM
airport,hauz khaas,2 PM
dwarka sector 23,dwarka sector 21,12 PM
airport,dwarka sector 21,5 AM
dwarka sector 23,airport,1 PM
hauz khaas,dwarka sector 23,8 PM
dwarka sector 21,dwarka sector 23,10 PM
dwarka sector 21,dwarka sector 23,10 PM
hauz khaas,dwarka sector 21,7 PM
dwarka sector 21,hauz khaas,3 PM
dwarka sector 21,dwarka sector 23,6 AM
hauz khaas,airport,11 PM
airport,dwarka sector 21,7 AM
airport,dwarka sector 23,2 PM
dwarka sector 23,hauz khaas,3 PM
dwarka sector 21,hauz khaas,10 PM
dwarka sector 23,airport,3 AM
airport,dwarka sector 23,12 AM
airport,hauz khaas,11 AM
hauz khaas,dwarka sector 23,8 AM
dwarka sector 23,dwarka sector 21,1 PM
airport,dwarka sector 21,1 PM
dwarka sector 23,hauz khaas,5 PM
dwarka sector 23,airport,2 PM
airport,dwarka sector 23,10 AM
hauz khaas,airport,9 AM
hauz khaas,dwarka sector 23,12 PM
dwarka sector 23,hauz khaas,5 PM
hauz khaas,dwarka sector 23,12 AM
hauz khaas,dwarka sector 21,4 PM
hauz khaas,airport,10 PM
dwarka sector 23,hauz khaas,12 PM
dwarka sector 21,airport,4 PM
dwarka sector 21,airport,7 PM
airport,hauz khaas,6 PM
airport,dwarka sector 21,6 PM
hauz khaas,airport,12 PM
dwarka sector 23,airport,11 PM
hauz khaas,airport,3 PM
airport,dwarka sector 23,12 PM
airport,dwarka sector 21,5 PM
dwarka sector 21,hauz khaas,6 PM
hauz khaas,dwarka sector 21,1 PM
dwarka sector 23,hauz khaas,5 AM
dwarka sector 23,hauz khaas,9 AM
dwarka sector 23,hauz khaas,2 AM
dwarka sector 21,airport,12 PM
hauz khaas,airport,5 AM
hauz khaas,airport,6 PM
dwarka sector 21,dwarka sector 23,4 PM
hauz khaas,airport,7 PM
hauz khaas,dwarka sector 23,9 PM
dwarka sector 23,airport,12 PM
dwarka sector 23,airport,5 PM
dwarka sector 21,dwarka sector 23,5 PM
airport,dwarka sector 21,2 AM
hauz khaas,airport,8 PM
dwarka sector 23,hauz khaas,5 PM
airport,dwarka sector 23,7 PM
dwarka sector 23,hauz khaas,12 AM
airport,dwarka sector 21,5 AM
airport,hauz khaas,4 AM
hauz khaas,dwarka sector 21,10 PM
airport,dwarka sector 21,8 AM
hauz khaas,airport,11 PM
airport,dwarka sector 21,5 AM
airport,dwarka sector 23,7 PM
airport,hauz khaas,10 PM
airport,hauz khaas,12 PM
airport,dwarka sector 23,10 AM
hauz khaas,dwarka sector 23,7 PM
hauz khaas,airport,10 PM
airport,hauz khaas,10 PM
airport,dwarka sector 23,8 PM
hauz khaas,airport,1 PM
dwarka sector 21,dwarka sector 23,11 PM
hauz khaas,dwarka sector 21,12 PM
dwarka sector 23,airport,12 PM
airport,dwarka sector 23,7 PM
hauz khaas,dwarka sector 21,6 AM
dwarka sector 23,dwarka sector 21,3 PM
hauz khaas,airport,7 PM
dwarka sector 23,airport,5 PM
dwarka sector 21,airport,6 PM
dwarka sector 21,dwarka sector 23,11 PM
hauz khaas,airport,1 PM
dwarka sector 23,dwarka sector 21,1 AM
dwarka sector 21,dwarka sector 23,2 AM
dwarka sector 21,hauz khaas,3 AM
airport,dwarka sector 21,3 PM
dwarka sector 21,airport,9 PM
airport,dwarka sector 21,6 AM
dwarka sector 21,dwarka sector 23,7 AM
airport,hauz khaas,3 PM
hauz khaas,dwarka sector 23,9 PM
hauz khaas,dwarka sector 21,6 PM
dwarka sector 23,airport,3 PM
dwarka sector 23,airport,9 AM
dwarka sector 21,airport,7 PM
airport,dwarka sector 21,4 PM
dwarka sector 23,hauz khaas,10 PM
dwarka sector 23,dwarka sector 21,8 PM
dwarka sector 21,dwarka sector 23,12 AM
airport,dwarka sector 21,3 PM
dwarka sector 21,dwarka sector 23,6 AM
hauz khaas,dwarka sector 23,7 PM
airport,dwarka sector 23,8 PM
airport,dwarka sector 21,2 PM
airport,dwarka sector 21,9 PM
hauz khaas,airport,10 PM
dwarka sector 21,airport,5 AM
dwarka sector 23,hauz khaas,8 PM
dwarka sector 23,airport,7 PM
dwarka sector 21,hauz khaas,2 AM
dwarka sector 21,dwarka sector 23,2 AM
dwarka sector 21,airport,3 AM
hauz khaas,dwarka sector 23,2 AM
dwarka sector 21,dwarka sector 23,8 PM
dwarka sector 21,dwarka sector 23,6 PM
dwarka sector 21,airport,9 PM
dwarka sector 23,dwarka sector 21,11 AM
airport,hauz khaas,3 PM
dwarka sector 21,dwarka sector 23,10 PM
dwarka sector 21,dwarka sector 23,10 AM
hauz khaas,dwarka sector 23,7 PM
dwarka sector 21,hauz khaas,4 PM
dwarka sector 23,airport,10 PM
airport,hauz khaas,10 PM
dwarka sector 23,hauz khaas,5 AM
hauz khaas,dwarka sector 21,7 PM
dwarka sector 23,hauz khaas,11 AM
hauz khaas,dwarka sector 21,8 AM
dwarka sector 23,dwarka sector 21,10 AM
hauz khaas,airport,4 PM
dwarka sector 21,dwarka sector 23,8 PM
dwarka sector 23,airport,10 AM
dwarka sector 23,hauz khaas,2 AM
dwarka sector 21,hauz khaas,12 AM
dwarka sector 23,airport,5 AM
dwarka sector 21,dwarka sector 23,3 PM
dwarka sector 21,hauz khaas,6 AM
airport,dwarka sector 21,10 PM
dwarka sector 21,dwarka sector 23,9 AM
dwarka sector 23,dwarka sector 21,2 PM
dwarka sector 23,dwarka sector 21,6 AM
dwarka sector 21,airport,1 PM
hauz khaas,dwarka sector 21,3 PM
airport,dwarka sector 21,5 PM
hauz khaas,dwarka sector 21,9 PM
hauz khaas,dwarka sector 21,12 AM
airport,dwarka sector 21,7 AM
airport,hauz khaas,7 PM
dwarka sector 23,hauz khaas,5 PM
hauz khaas,airport,12 PM
dwarka sector 21,hauz khaas,11 PM
dwarka sector 23,dwarka sector 21,5 AM
airport,dwarka sector 21,6 AM
dwarka sector 23,dwarka sector 21,7 PM
dwarka sector 21,hauz khaas,9 AM
dwarka sector 23,dwarka sector 21,9 PM
hauz khaas,dwarka sector 21,4 PM
hauz khaas,airport,8 PM
hauz khaas,airport,7 PM
hauz khaas,dwarka sector 23,9 PM
airport,hauz khaas,6 PM
dwarka sector 21,airport,2 PM
dwarka sector 21,dwarka sector 23,11 PM
airport,dwarka sector 23,2 PM
dwarka sector 21,dwarka sector 23,8 AM
hauz khaas,dwarka sector 23,6 PM
airport,dwarka sector 21,4 PM
hauz khaas,dwarka sector 21,12 PM
hauz khaas,airport,8 AM
airport,dwarka sector 23,9 AM
hauz khaas,airport,6 AM
hauz khaas,airport,6 PM
dwarka sector 23,hauz khaas,7 PM
hauz khaas,dwarka sector 23,6 PM
dwarka sector 21,dwarka sector 23,11 PM
dwarka sector 23,hauz khaas,9 PM
dwarka sector 23,hauz khaas,8 PM
airport,dwarka sector 23,6 PM
airport,dwarka sector 21,5 AM
dwarka sector 21,hauz khaas,12 PM
airport,dwarka sector 23,10 AM
airport,dwarka sector 23,2 PM
dwarka sector 21,airport,2 PM
airport,hauz khaas,10 PM
dwarka sector 21,dwarka sector 23,3 PM
dwarka sector 21,airport,9 PM
dwarka sector 21,airport,12 AM
dwarka sector 21,airport,2 PM
hauz khaas,dwarka sector 21,3 PM
dwarka sector 23,hauz khaas,3 PM
airport,dwarka sector 23,5 PM
hauz khaas,dwarka sector 23,7 PM
hauz khaas,dwarka sector 23,9 PM
hauz khaas,dwarka sector 21,10 PM
airport,dwarka sector 21,2 PM
dwarka sector 23,hauz khaas,10 PM
airport,dwarka sector 21,4 PM
dwarka sector 21,dwarka sector 23,10 AM
hauz khaas,airport,4 PM
hauz khaas,airport,4 PM
hauz khaas,dwarka sector 23,6 AM
dwarka sector 23,hauz khaas,1 PM
airport,dwarka sector 23,2 AM
dwarka sector 21,dwarka sector 23,2 PM
hauz khaas,dwarka sector 21,5 AM
airport,dwarka sector 23,6 PM
airport,hauz khaas,1 AM
